<?xml version="1.0" encoding="UTF-8"?>
<model package="ExtSession\Model" baseClass="xPDO\Om\xPDOObject" platform="mysql" defaultEngine="InnoDB" version="3.0">

    <object class="Session" extends="MODX\Revolution\modSession">
        <field key="id" dbtype="varchar" precision="191" phptype="string" null="false" index="pk" default=""/>
        <field key="access" dbtype="int" precision="20" phptype="timestamp" null="false" attributes="unsigned"/>

        <field key="user_bot" dbtype="tinyint" precision="1" phptype="boolean" attributes="unsigned" null="false"
               default="0"/>
        <field key="user_id" dbtype="int" precision="20" phptype="integer" null="false" index="index"
               attributes="unsigned" default="0"/>
        <field key="user_ip" dbtype="varchar" precision="45" phptype="string" null="false" default="" />
        <field key="user_agent" dbtype="varchar" precision="255" phptype="string" null="false" default=""/>

        <field key="data" dbtype="mediumtext" phptype="string"/>

        <index alias="PRIMARY" name="PRIMARY" primary="true" unique="true" type="BTREE">
            <column key="id" length="" collation="A" null="false"/>
        </index>
        <index alias="access" name="access" primary="false" unique="false" type="BTREE">
            <column key="access" length="" collation="A" null="false"/>
        </index>

        <index alias="user_bot" name="user_bot" primary="false" unique="false" type="BTREE">
            <column key="user_bot" length="" collation="A" null="false"/>
        </index>
        <index alias="user_id" name="user_id" primary="false" unique="false" type="BTREE">
            <column key="user_id" length="" collation="A" null="false"/>
        </index>
        <index alias="user_ip" name="user_ip" primary="false" unique="false" type="BTREE">
            <column key="user_ip" length="" collation="A" null="false"/>
        </index>
        <index alias="user_agent" name="user_agent" primary="false" unique="false" type="BTREE">
            <column key="user_agent" length="" collation="A" null="false"/>
        </index>

        <validation>
            <rule field="id" name="invalid" type="preg_match" rule="/^[0-9a-zA-Z,-]{22,191}$/"
                  message="session_err_invalid_id"/>
        </validation>

        <aggregate alias="User" class="MODX\Revolution\modUser" local="user_id" foreign="id" cardinality="one" owner="foreign" />
        <aggregate alias="Profile" class="MODX\Revolution\modUserProfile" local="user_id" foreign="internalKey" cardinality="one" owner="foreign" />

    </object>

</model>
